Datetime,Water Level (m)
2025-03-27 06:00:00,1.645712
2025-03-27 07:00:00,1.5481219
2025-03-27 08:00:00,1.1086874
2025-03-27 09:00:00,0.3787506
2025-03-27 10:00:00,-0.2954084
2025-03-27 11:00:00,-0.8588202
2025-03-27 12:00:00,-1.2544433
2025-03-27 13:00:00,-1.4938955
2025-03-27 14:00:00,-1.6760385
2025-03-27 15:00:00,-1.0453353
2025-03-27 16:00:00,0.17385693
2025-03-27 17:00:00,1.5369192
2025-03-27 18:00:00,2.2149537
2025-03-27 19:00:00,2.1101975
2025-03-27 20:00:00,1.6238306
2025-03-27 21:00:00,0.72271425
2025-03-27 22:00:00,-0.054157257
2025-03-27 23:00:00,-0.67359126
2025-03-28 00:00:00,-1.1480817
2025-03-28 01:00:00,-1.4230437
2025-03-28 02:00:00,-1.6481333
2025-03-28 03:00:00,-1.6682221
2025-03-28 04:00:00,-0.519859
2025-03-28 05:00:00,0.77621144
2025-03-28 06:00:00,2.0309808
2025-03-28 07:00:00,2.1996498
2025-03-28 08:00:00,1.9093328
2025-03-28 09:00:00,1.1218277
2025-03-28 10:00:00,0.25346687
2025-03-28 11:00:00,-0.4289846
2025-03-28 12:00:00,-0.97161245
2025-03-28 13:00:00,-1.3004762
2025-03-28 14:00:00,-1.5324246
2025-03-28 15:00:00,-1.6731756
2025-03-28 16:00:00,-0.6052261
2025-03-28 17:00:00,0.7670634
2025-03-28 18:00:00,2.168448
2025-03-28 19:00:00,2.449264
2025-03-28 20:00:00,2.2326305
2025-03-28 21:00:00,1.4715891
2025-03-28 22:00:00,0.5134398
2025-03-28 23:00:00,-0.21708316
2025-03-29 00:00:00,-0.7993259
2025-03-29 01:00:00,-1.2097485
2025-03-29 02:00:00,-1.4668355
2025-03-29 03:00:00,-1.6734282
2025-03-29 04:00:00,-1.0664229
2025-03-29 05:00:00,0.18251446
2025-03-29 06:00:00,1.6526806
2025-03-29 07:00:00,2.4402204
2025-03-29 08:00:00,2.3875806
2025-03-29 09:00:00,1.8538667
2025-03-29 10:00:00,0.8781713
2025-03-29 11:00:00,0.05706832
2025-03-29 12:00:00,-0.5786632
2025-03-29 13:00:00,-1.0655546
2025-03-29 14:00:00,-1.3599797
2025-03-29 15:00:00,-1.5737969
2025-03-29 16:00:00,-1.4967394
2025-03-29 17:00:00,-0.1442654
2025-03-29 18:00:00,1.3798292
2025-03-29 19:00:00,2.4817607
2025-03-29 20:00:00,2.5544448
2025-03-29 21:00:00,2.1331425
2025-03-29 22:00:00,1.125246
2025-03-29 23:00:00,0.23591934
2025-03-30 00:00:00,-0.43866354
2025-03-30 01:00:00,-0.9691782
2025-03-30 02:00:00,-1.31158
2025-03-30 03:00:00,-1.5450517
2025-03-30 04:00:00,-1.7280246
2025-03-30 05:00:00,-0.6801218
2025-03-30 06:00:00,0.7152569
2025-03-30 07:00:00,2.2089996
2025-03-30 08:00:00,2.577218
2025-03-30 09:00:00,2.3845518
2025-03-30 10:00:00,1.5861984
2025-03-30 11:00:00,0.60251963
2025-03-30 12:00:00,-0.15029763
2025-03-30 13:00:00,-0.742505
2025-03-30 14:00:00,-1.1615443
2025-03-30 15:00:00,-1.4183329
2025-03-30 16:00:00,-1.630414
2025-03-30 17:00:00,-1.0123975
2025-03-30 18:00:00,0.25719205
2025-03-30 19:00:00,1.7652242
2025-03-30 20:00:00,2.471114
2025-03-30 21:00:00,2.347144
2025-03-30 22:00:00,1.7012941
2025-03-30 23:00:00,0.71256185
2025-03-31 00:00:00,-0.081422694
2025-03-31 01:00:00,-0.7072688
2025-03-31 02:00:00,-1.143929
2025-03-31 03:00:00,-1.4237099
2025-03-31 04:00:00,-1.640978
2025-03-31 05:00:00,-1.5565712
2025-03-31 06:00:00,-0.19034766
2025-03-31 07:00:00,1.3502083
2025-03-31 08:00:00,2.5117238
2025-03-31 09:00:00,2.5947056
2025-03-31 10:00:00,2.2322736
2025-03-31 11:00:00,1.2615384
2025-03-31 12:00:00,0.3499229
2025-03-31 13:00:00,-0.3411976
2025-03-31 14:00:00,-0.87095755
2025-03-31 15:00:00,-1.2162877
2025-03-31 16:00:00,-1.4623249
2025-03-31 17:00:00,-1.6332363
2025-03-31 18:00:00,-0.67666
2025-03-31 19:00:00,0.66704303
2025-03-31 20:00:00,2.0592892
2025-03-31 21:00:00,2.3638382
2025-03-31 22:00:00,2.121341
2025-03-31 23:00:00,1.3248854
2025-04-01 00:00:00,0.41334215
2025-04-01 01:00:00,-0.3007889
2025-04-01 02:00:00,-0.88027954
2025-04-01 03:00:00,-1.2423384
2025-04-01 04:00:00,-1.5005996
2025-04-01 05:00:00,-1.7082577
2025-04-01 06:00:00,-1.0104088
2025-04-01 07:00:00,0.31170768
2025-04-01 08:00:00,1.8134553
2025-04-01 09:00:00,2.5153787
2025-04-01 10:00:00,2.4573169
2025-04-01 11:00:00,1.8975309
2025-04-01 12:00:00,0.90233594
2025-04-01 13:00:00,0.09982382
2025-04-01 14:00:00,-0.5135009
2025-04-01 15:00:00,-0.9946231
2025-04-01 16:00:00,-1.3002319
2025-04-01 17:00:00,-1.5128808
2025-04-01 18:00:00,-1.5318625
2025-04-01 19:00:00,-0.37160882
2025-04-01 20:00:00,0.95849085
2025-04-01 21:00:00,2.0190623
2025-04-01 22:00:00,2.103228
2025-04-01 23:00:00,1.7484628
2025-04-02 00:00:00,0.91414297
2025-04-02 01:00:00,0.08207787
2025-04-02 02:00:00,-0.54953
2025-04-02 03:00:00,-1.0672613
2025-04-02 04:00:00,-1.3743395
2025-04-02 05:00:00,-1.6014974
2025-04-02 06:00:00,-1.7269119
